NodeCount,PathLength,SimCnt,CompileTime,KeyGenerationTime,EncryptionTime,ExecutionTime,DecryptionTime,ReferenceExecutionTime,Mse
32,0,0.4274200000509154,46.49716899984924,34.23192700029176,6.525624999994761,17.5696300002528,2.990136000335042,2.1605716581126647e-09
32,1,0.3219620002710144,43.218849999902886,36.45390299971041,6.131126000582299,19.312940999952843,3.9441740000256686,8.950368491493875e-10
36,0,0.29770200035272865,43.78788200028794,32.77030899971578,5.913804000556411,17.14802900005452,3.628677999586216,5.584207869454304e-10
36,1,0.3028779992746422,43.444926999654854,32.620727999528754,5.660260000695416,17.692215000352007,4.5150039995860425,1.1533393886381985e-09
40,0,0.4891400003543822,42.35175500070909,33.826503999989654,6.5921149998757755,18.008388000453124,3.745109999726992,2.0230325818757562e-09
40,1,0.30675099969812436,44.80540700023994,29.94139800011908,7.00277299984009,18.06601899988891,3.427208999710274,1.9770232402810952e-09
