NodeCount,PathLength,SimCnt,CompileTime,KeyGenerationTime,EncryptionTime,ExecutionTime,DecryptionTime,ReferenceExecutionTime,Mse
32,0,0.4248949999237084,42.37328500039439,37.134475000129896,5.801178000183427,18.167023000387417,3.3420859999750974,1.030181718657232e-09
32,1,0.4442919998837169,44.40330499983247,34.13538899985724,5.780229999800213,18.179397000494646,3.0558610005755327,6.652590073248552e-10
36,0,0.31284299984690733,39.594775999830745,35.529155999938666,6.437026000639889,18.1072410005072,4.346312000052421,1.0065631327708211e-09
36,1,0.3938110003218753,45.6029610004407,35.58096399956412,5.386448000535893,18.449459999828832,4.031731000395666,6.936658627879576e-10
40,0,0.34014799985016,42.00396099986392,34.89142200032802,6.459854000240739,19.60442699964915,4.040939999867987,6.609207379840814e-10
40,1,0.3076570001212531,46.187997999368235,34.46582699962164,4.975511999873561,17.73363799929939,3.787345999626268,1.6484747471430926e-09
