NodeCount,PathLength,SimCnt,CompileTime,KeyGenerationTime,EncryptionTime,ExecutionTime,DecryptionTime,ReferenceExecutionTime,Mse
32,0,0.35057000059168786,78.16547099992022,36.44388800057641,7.147352000174578,16.789653000159888,4.788720999385987,4.642240306626696e-09
32,1,0.4398760002004565,45.87442399952124,35.94260600038979,5.665322999448108,18.347410000387754,2.930489999926067,9.459982035523686e-10
36,0,0.35469500016915845,43.497155999830284,34.72754300037195,5.562797000493447,17.95836400015105,3.295383000477159,1.38629539354271e-09
36,1,0.3835460001937463,41.60304200013343,32.7324090003458,5.807669000205351,17.901755999446323,4.042305999973905,4.898203913669583e-09
40,0,0.3441759999986971,42.48348500004795,34.4026330003544,6.472610999480821,17.59066700014955,3.4609579997777473,3.1209652640917566e-09
40,1,0.3065450000576675,43.33210400000098,34.31701699992118,6.084227999963332,17.353734999232984,3.952609000407392,1.5832076777241093e-09
